n,impl,temps_sec,alloc_octets
0,naif,0.000004,1
0,HAT,0.000019,8
1,naif,0.000004,1
1,HAT,0.000005,9
2,naif,0.000004,2
2,HAT,0.000006,0
3,naif,0.000007,4
3,HAT,0.000004,2
4,naif,0.000003,4
4,HAT,0.000004,2
5,naif,0.000003,8
5,HAT,0.000006,4
6,naif,0.000003,8
6,HAT,0.000006,4
7,naif,0.000003,8
7,HAT,0.000005,4
8,naif,0.000003,8
8,HAT,0.000004,4
9,naif,0.000003,16
9,HAT,0.000006,8
10,naif,0.000003,16
10,HAT,0.000005,8
11,naif,0.000003,16
11,HAT,0.000005,8
12,naif,0.000003,16
12,HAT,0.000005,8
13,naif,0.000004,16
13,HAT,0.000005,12
14,naif,0.000003,16
14,HAT,0.000005,12
15,naif,0.000003,16
15,HAT,0.000005,12
16,naif,0.000004,16
16,HAT,0.000006,12
17,naif,0.000004,32
17,HAT,0.000008,8
18,naif,0.000004,32
18,HAT,0.000008,8
19,naif,0.000004,32
19,HAT,0.000008,8
20,naif,0.000004,32
20,HAT,0.000008,8
21,naif,0.000004,32
21,HAT,0.000007,8
22,naif,0.000004,32
22,HAT,0.000008,8
23,naif,0.000004,32
23,HAT,0.000009,8
24,naif,0.000004,32
24,HAT,0.000008,8
25,naif,0.000003,32
25,HAT,0.000009,16
26,naif,0.000004,32
26,HAT,0.000008,16
27,naif,0.000004,32
27,HAT,0.000009,16
28,naif,0.000004,32
28,HAT,0.000009,16
29,naif,0.000004,32
29,HAT,0.000009,16
30,naif,0.000004,32
30,HAT,0.000009,16
31,naif,0.000004,32
31,HAT,0.000009,16
32,naif,0.000004,32
32,HAT,0.000009,16
33,naif,0.000004,64
33,HAT,0.000010,24
34,naif,0.000004,64
34,HAT,0.000010,24
35,naif,0.000005,64
35,HAT,0.000010,24
36,naif,0.000004,64
36,HAT,0.000010,24
37,naif,0.000004,64
37,HAT,0.000010,24
38,naif,0.000005,64
38,HAT,0.000010,24
39,naif,0.000004,64
39,HAT,0.000010,24
40,naif,0.000004,64
40,HAT,0.000010,24
41,naif,0.000004,64
41,HAT,0.000011,32
42,naif,0.000004,64
42,HAT,0.000010,32
43,naif,0.000004,64
43,HAT,0.000010,32
44,naif,0.000004,64
44,HAT,0.000010,32
45,naif,0.000004,64
45,HAT,0.000010,32
46,naif,0.000004,64
46,HAT,0.000011,32
47,naif,0.000005,64
47,HAT,0.000011,32
48,naif,0.000004,64
48,HAT,0.000011,32
49,naif,0.000005,64
49,HAT,0.000012,40
50,naif,0.000005,64
50,HAT,0.000012,40
51,naif,0.000005,64
51,HAT,0.000012,40
52,naif,0.000005,64
52,HAT,0.000011,40
53,naif,0.000005,64
53,HAT,0.000011,40
54,naif,0.000005,64
54,HAT,0.000012,40
55,naif,0.000005,64
55,HAT,0.000012,40
56,naif,0.000004,64
56,HAT,0.000011,40
57,naif,0.000005,64
57,HAT,0.000012,48
58,naif,0.000005,64
58,HAT,0.000012,48
59,naif,0.000005,64
59,HAT,0.000046,48
60,naif,0.000013,64
60,HAT,0.000012,48
61,naif,0.000004,64
61,HAT,0.000012,48
62,naif,0.000005,64
62,HAT,0.000012,48
63,naif,0.000005,64
63,HAT,0.000013,48
64,naif,0.000005,64
64,HAT,0.000012,48
65,naif,0.000004,128
65,HAT,0.000020,16
66,naif,0.000005,128
66,HAT,0.000019,16
67,naif,0.000005,128
67,HAT,0.000018,16
68,naif,0.000005,128
68,HAT,0.000018,16
69,naif,0.000005,128
69,HAT,0.000019,16
70,naif,0.000005,128
70,HAT,0.000018,16
71,naif,0.000005,128
71,HAT,0.000019,16
72,naif,0.000005,128
72,HAT,0.000021,16
73,naif,0.000007,128
73,HAT,0.000019,16
74,naif,0.000006,128
74,HAT,0.000019,16
75,naif,0.000006,128
75,HAT,0.000021,16
76,naif,0.000005,128
76,HAT,0.000020,16
77,naif,0.000005,128
77,HAT,0.000021,16
78,naif,0.000005,128
78,HAT,0.000020,16
79,naif,0.000006,128
79,HAT,0.000021,16
80,naif,0.000005,128
80,HAT,0.000020,16
81,naif,0.000005,128
81,HAT,0.000021,32
82,naif,0.000005,128
82,HAT,0.000020,32
83,naif,0.000006,128
83,HAT,0.000030,32
84,naif,0.000005,128
84,HAT,0.000020,32
85,naif,0.000006,128
85,HAT,0.000021,32
86,naif,0.000006,128
86,HAT,0.000020,32
87,naif,0.000005,128
87,HAT,0.000022,32
88,naif,0.000006,128
88,HAT,0.000020,32
89,naif,0.000006,128
89,HAT,0.000021,32
90,naif,0.000006,128
90,HAT,0.000020,32
91,naif,0.000006,128
91,HAT,0.000021,32
92,naif,0.000006,128
92,HAT,0.000036,32
93,naif,0.000006,128
93,HAT,0.000020,32
94,naif,0.000005,128
94,HAT,0.000019,32
95,naif,0.000006,128
95,HAT,0.000019,32
96,naif,0.000006,128
96,HAT,0.000019,32
97,naif,0.000006,128
97,HAT,0.000020,48
98,naif,0.000005,128
98,HAT,0.000020,48
99,naif,0.000005,128
99,HAT,0.000020,48
100,naif,0.000005,128
100,HAT,0.000021,48
101,naif,0.000005,128
101,HAT,0.000020,48
102,naif,0.000006,128
102,HAT,0.000021,48
103,naif,0.000006,128
103,HAT,0.000021,48
104,naif,0.000006,128
104,HAT,0.000020,48
105,naif,0.000006,128
105,HAT,0.000020,48
106,naif,0.000006,128
106,HAT,0.000021,48
107,naif,0.000005,128
107,HAT,0.000020,48
108,naif,0.000006,128
108,HAT,0.000020,48
109,naif,0.000006,128
109,HAT,0.000021,48
110,naif,0.000006,128
110,HAT,0.000021,48
111,naif,0.000006,128
111,HAT,0.000021,48
112,naif,0.000014,128
112,HAT,0.000021,48
113,naif,0.000006,128
113,HAT,0.000022,64
114,naif,0.000006,128
114,HAT,0.000022,64
115,naif,0.000006,128
115,HAT,0.000021,64
116,naif,0.000005,128
116,HAT,0.000021,64
117,naif,0.000005,128
117,HAT,0.000022,64
118,naif,0.000006,128
118,HAT,0.000022,64
119,naif,0.000005,128
119,HAT,0.000021,64
120,naif,0.000006,128
120,HAT,0.000022,64
121,naif,0.000006,128
121,HAT,0.000023,64
122,naif,0.000006,128
122,HAT,0.000022,64
123,naif,0.000006,128
123,HAT,0.000022,64
124,naif,0.000006,128
124,HAT,0.000022,64
125,naif,0.000006,128
125,HAT,0.000022,64
126,naif,0.000006,128
126,HAT,0.000022,64
127,naif,0.000006,128
127,HAT,0.000023,64
128,naif,0.000006,128
128,HAT,0.000022,64
129,naif,0.000007,256
129,HAT,0.000023,80
130,naif,0.000007,256
130,HAT,0.000023,80
131,naif,0.000006,256
131,HAT,0.000022,80
132,naif,0.000006,256
132,HAT,0.000023,80
133,naif,0.000006,256
133,HAT,0.000022,80
134,naif,0.000007,256
134,HAT,0.000023,80
135,naif,0.000006,256
135,HAT,0.000022,80
136,naif,0.000006,256
136,HAT,0.000023,80
137,naif,0.000007,256
137,HAT,0.000024,80
138,naif,0.000007,256
138,HAT,0.000023,80
139,naif,0.000007,256
139,HAT,0.000024,80
140,naif,0.000018,256
140,HAT,0.000036,80
141,naif,0.000007,256
141,HAT,0.000024,80
142,naif,0.000007,256
142,HAT,0.000024,80
143,naif,0.000006,256
143,HAT,0.000024,80
144,naif,0.000007,256
144,HAT,0.000024,80
145,naif,0.000007,256
145,HAT,0.000024,96
146,naif,0.000007,256
146,HAT,0.000025,96
147,naif,0.000007,256
147,HAT,0.000025,96
148,naif,0.000007,256
148,HAT,0.000024,96
149,naif,0.000007,256
149,HAT,0.000024,96
150,naif,0.000007,256
150,HAT,0.000024,96
151,naif,0.000007,256
151,HAT,0.000025,96
152,naif,0.000007,256
152,HAT,0.000025,96
153,naif,0.000007,256
153,HAT,0.000025,96
154,naif,0.000006,256
154,HAT,0.000025,96
155,naif,0.000007,256
155,HAT,0.000025,96
156,naif,0.000007,256
156,HAT,0.000025,96
157,naif,0.000007,256
157,HAT,0.000025,96
158,naif,0.000007,256
158,HAT,0.000025,96
159,naif,0.000007,256
159,HAT,0.000025,96
160,naif,0.000007,256
160,HAT,0.000025,96
161,naif,0.000007,256
161,HAT,0.000026,112
162,naif,0.000007,256
162,HAT,0.000026,112
163,naif,0.000008,256
163,HAT,0.000027,112
164,naif,0.000007,256
164,HAT,0.000026,112
165,naif,0.000007,256
165,HAT,0.000026,112
166,naif,0.000007,256
166,HAT,0.000026,112
167,naif,0.000007,256
167,HAT,0.000026,112
168,naif,0.000007,256
168,HAT,0.000025,112
169,naif,0.000007,256
169,HAT,0.000027,112
170,naif,0.000007,256
170,HAT,0.000026,112
171,naif,0.000008,256
171,HAT,0.000027,112
172,naif,0.000008,256
172,HAT,0.000027,112
173,naif,0.000007,256
173,HAT,0.000027,112
174,naif,0.000007,256
174,HAT,0.000027,112
175,naif,0.000007,256
175,HAT,0.000027,112
176,naif,0.000008,256
176,HAT,0.000027,112
177,naif,0.000007,256
177,HAT,0.000028,128
178,naif,0.000007,256
178,HAT,0.000028,128
179,naif,0.000007,256
179,HAT,0.000028,128
180,naif,0.000007,256
180,HAT,0.000028,128
181,naif,0.000008,256
181,HAT,0.000029,128
182,naif,0.000007,256
182,HAT,0.000028,128
183,naif,0.000007,256
183,HAT,0.000028,128
184,naif,0.000008,256
184,HAT,0.000028,128
185,naif,0.000008,256
185,HAT,0.000029,128
186,naif,0.000008,256
186,HAT,0.000028,128
187,naif,0.000008,256
187,HAT,0.000028,128
188,naif,0.000008,256
188,HAT,0.000028,128
189,naif,0.000007,256
189,HAT,0.000028,128
190,naif,0.000007,256
190,HAT,0.000028,128
191,naif,0.000008,256
191,HAT,0.000028,128
192,naif,0.000008,256
192,HAT,0.000028,128
193,naif,0.000007,256
193,HAT,0.000029,144
194,naif,0.000008,256
194,HAT,0.000029,144
195,naif,0.000008,256
195,HAT,0.000029,144
196,naif,0.000008,256
196,HAT,0.000029,144
197,naif,0.000008,256
197,HAT,0.000029,144
198,naif,0.000007,256
198,HAT,0.000029,144
199,naif,0.000008,256
199,HAT,0.000029,144
200,naif,0.000007,256
200,HAT,0.000030,144
201,naif,0.000008,256
201,HAT,0.000030,144
202,naif,0.000008,256
202,HAT,0.000030,144
203,naif,0.000008,256
203,HAT,0.000029,144
204,naif,0.000009,256
204,HAT,0.000030,144
205,naif,0.000008,256
205,HAT,0.000029,144
206,naif,0.000008,256
206,HAT,0.000030,144
207,naif,0.000008,256
207,HAT,0.000030,144
208,naif,0.000008,256
208,HAT,0.000030,144
209,naif,0.000008,256
209,HAT,0.000031,160
210,naif,0.000008,256
210,HAT,0.000041,160
211,naif,0.000008,256
211,HAT,0.000031,160
212,naif,0.000008,256
212,HAT,0.000031,160
213,naif,0.000008,256
213,HAT,0.000031,160
214,naif,0.000008,256
214,HAT,0.000032,160
215,naif,0.000009,256
215,HAT,0.000032,160
216,naif,0.000008,256
216,HAT,0.000032,160
217,naif,0.000008,256
217,HAT,0.000031,160
218,naif,0.000008,256
218,HAT,0.000031,160
219,naif,0.000008,256
219,HAT,0.000032,160
220,naif,0.000008,256
220,HAT,0.000033,160
221,naif,0.000008,256
221,HAT,0.000031,160
222,naif,0.000008,256
222,HAT,0.000032,160
223,naif,0.000008,256
223,HAT,0.000032,160
224,naif,0.000008,256
224,HAT,0.000033,160
225,naif,0.000008,256
225,HAT,0.000032,176
226,naif,0.000009,256
226,HAT,0.000033,176
227,naif,0.000008,256
227,HAT,0.000032,176
228,naif,0.000009,256
228,HAT,0.000032,176
229,naif,0.000008,256
229,HAT,0.000032,176
230,naif,0.000008,256
230,HAT,0.000033,176
231,naif,0.000008,256
231,HAT,0.000041,176
232,naif,0.000008,256
232,HAT,0.000033,176
233,naif,0.000009,256
233,HAT,0.000033,176
234,naif,0.000009,256
234,HAT,0.000033,176
235,naif,0.000009,256
235,HAT,0.000033,176
236,naif,0.000008,256
236,HAT,0.000033,176
237,naif,0.000009,256
237,HAT,0.000033,176
238,naif,0.000008,256
238,HAT,0.000033,176
239,naif,0.000009,256
239,HAT,0.000033,176
240,naif,0.000009,256
240,HAT,0.000033,176
241,naif,0.000008,256
241,HAT,0.000033,192
242,naif,0.000008,256
242,HAT,0.000034,192
243,naif,0.000009,256
243,HAT,0.000034,192
244,naif,0.000008,256
244,HAT,0.000035,192
245,naif,0.000009,256
245,HAT,0.000034,192
246,naif,0.000009,256
246,HAT,0.000035,192
247,naif,0.000009,256
247,HAT,0.000035,192
248,naif,0.000009,256
248,HAT,0.000035,192
249,naif,0.000009,256
249,HAT,0.000034,192
250,naif,0.000009,256
250,HAT,0.000035,192
251,naif,0.000009,256
251,HAT,0.000037,192
252,naif,0.000019,256
252,HAT,0.000038,192
253,naif,0.000009,256
253,HAT,0.000035,192
254,naif,0.000009,256
254,HAT,0.000035,192
255,naif,0.000009,256
255,HAT,0.000034,192
256,naif,0.000008,256
256,HAT,0.000035,192
257,naif,0.000010,512
257,HAT,0.000055,32
258,naif,0.000017,512
258,HAT,0.000054,32
259,naif,0.000009,512
259,HAT,0.000053,32
260,naif,0.000010,512
260,HAT,0.000053,32
261,naif,0.000009,512
261,HAT,0.000053,32
262,naif,0.000009,512
262,HAT,0.000054,32
263,naif,0.000009,512
263,HAT,0.000053,32
264,naif,0.000009,512
264,HAT,0.000055,32
265,naif,0.000009,512
265,HAT,0.000056,32
266,naif,0.000010,512
266,HAT,0.000054,32
267,naif,0.000017,512
267,HAT,0.000055,32
268,naif,0.000010,512
268,HAT,0.000055,32
269,naif,0.000009,512
269,HAT,0.000055,32
270,naif,0.000010,512
270,HAT,0.000054,32
271,naif,0.000010,512
271,HAT,0.000055,32
272,naif,0.000010,512
272,HAT,0.000054,32
273,naif,0.000009,512
273,HAT,0.000055,32
274,naif,0.000009,512
274,HAT,0.000055,32
275,naif,0.000010,512
275,HAT,0.000055,32
276,naif,0.000010,512
276,HAT,0.000055,32
277,naif,0.000009,512
277,HAT,0.000055,32
278,naif,0.000010,512
278,HAT,0.000056,32
279,naif,0.000009,512
279,HAT,0.000056,32
280,naif,0.000010,512
280,HAT,0.000058,32
281,naif,0.000010,512
281,HAT,0.000056,32
282,naif,0.000016,512
282,HAT,0.000056,32
283,naif,0.000009,512
283,HAT,0.000056,32
284,naif,0.000009,512
284,HAT,0.000057,32
285,naif,0.000010,512
285,HAT,0.000056,32
286,naif,0.000010,512
286,HAT,0.000056,32
287,naif,0.000009,512
287,HAT,0.000056,32
288,naif,0.000009,512
288,HAT,0.000057,32
289,naif,0.000010,512
289,HAT,0.000057,64
290,naif,0.000010,512
290,HAT,0.000057,64
291,naif,0.000010,512
291,HAT,0.000057,64
292,naif,0.000010,512
292,HAT,0.000057,64
293,naif,0.000010,512
293,HAT,0.000057,64
294,naif,0.000010,512
294,HAT,0.000093,64
295,naif,0.000017,512
295,HAT,0.000095,64
296,naif,0.000021,512
296,HAT,0.000093,64
297,naif,0.000022,512
297,HAT,0.000072,64
298,naif,0.000016,512
298,HAT,0.000085,64
299,naif,0.000021,512
299,HAT,0.000086,64
300,naif,0.000016,512
300,HAT,0.000086,64
301,naif,0.000018,512
301,HAT,0.000077,64
302,naif,0.000014,512
302,HAT,0.000096,64
303,naif,0.000015,512
303,HAT,0.000083,64
304,naif,0.000015,512
304,HAT,0.000088,64
305,naif,0.000021,512
305,HAT,0.000087,64
306,naif,0.000015,512
306,HAT,0.000119,64
307,naif,0.000015,512
307,HAT,0.000087,64
308,naif,0.000023,512
308,HAT,0.000080,64
309,naif,0.000015,512
309,HAT,0.000085,64
310,naif,0.000017,512
310,HAT,0.000137,64
311,naif,0.000024,512
311,HAT,0.000098,64
312,naif,0.000033,512
312,HAT,0.000090,64
313,naif,0.000017,512
313,HAT,0.000085,64
314,naif,0.000017,512
314,HAT,0.000084,64
315,naif,0.000023,512
315,HAT,0.000092,64
316,naif,0.000017,512
316,HAT,0.000088,64
317,naif,0.000016,512
317,HAT,0.000092,64
318,naif,0.000017,512
318,HAT,0.000136,64
319,naif,0.000020,512
319,HAT,0.000094,64
320,naif,0.000024,512
320,HAT,0.000082,64
321,naif,0.000017,512
321,HAT,0.000090,96
322,naif,0.000021,512
322,HAT,0.000087,96
323,naif,0.000017,512
323,HAT,0.000088,96
324,naif,0.000021,512
324,HAT,0.000086,96
325,naif,0.000024,512
325,HAT,0.000073,96
326,naif,0.000018,512
326,HAT,0.000089,96
327,naif,0.000011,512
327,HAT,0.000061,96
328,naif,0.000010,512
328,HAT,0.000061,96
329,naif,0.000011,512
329,HAT,0.000060,96
330,naif,0.000011,512
330,HAT,0.000060,96
331,naif,0.000010,512
331,HAT,0.000060,96
332,naif,0.000011,512
332,HAT,0.000061,96
333,naif,0.000011,512
333,HAT,0.000066,96
334,naif,0.000018,512
334,HAT,0.000086,96
335,naif,0.000023,512
335,HAT,0.000097,96
336,naif,0.000026,512
336,HAT,0.000112,96
337,naif,0.000025,512
337,HAT,0.000100,96
338,naif,0.000027,512
338,HAT,0.000056,96
339,naif,0.000007,512
339,HAT,0.000032,96
340,naif,0.000008,512
340,HAT,0.000032,96
341,naif,0.000008,512
341,HAT,0.000032,96
342,naif,0.000008,512
342,HAT,0.000032,96
343,naif,0.000008,512
343,HAT,0.000033,96
344,naif,0.000009,512
344,HAT,0.000033,96
345,naif,0.000008,512
345,HAT,0.000032,96
346,naif,0.000009,512
346,HAT,0.000032,96
347,naif,0.000009,512
347,HAT,0.000034,96
348,naif,0.000008,512
348,HAT,0.000033,96
349,naif,0.000009,512
349,HAT,0.000033,96
350,naif,0.000008,512
350,HAT,0.000033,96
351,naif,0.000008,512
351,HAT,0.000034,96
352,naif,0.000009,512
352,HAT,0.000033,96
353,naif,0.000009,512
353,HAT,0.000034,128
354,naif,0.000009,512
354,HAT,0.000033,128
355,naif,0.000009,512
355,HAT,0.000041,128
356,naif,0.000009,512
356,HAT,0.000033,128
357,naif,0.000007,512
357,HAT,0.000033,128
358,naif,0.000009,512
358,HAT,0.000033,128
359,naif,0.000009,512
359,HAT,0.000033,128
360,naif,0.000008,512
360,HAT,0.000033,128
361,naif,0.000008,512
361,HAT,0.000033,128
362,naif,0.000009,512
362,HAT,0.000034,128
363,naif,0.000009,512
363,HAT,0.000032,128
364,naif,0.000007,512
364,HAT,0.000031,128
365,naif,0.000009,512
365,HAT,0.000028,128
366,naif,0.000005,512
366,HAT,0.000025,128
367,naif,0.000004,512
367,HAT,0.000027,128
368,naif,0.000005,512
368,HAT,0.000027,128
369,naif,0.000006,512
369,HAT,0.000029,128
370,naif,0.000006,512
370,HAT,0.000029,128
371,naif,0.000005,512
371,HAT,0.000029,128
372,naif,0.000006,512
372,HAT,0.000029,128
373,naif,0.000006,512
373,HAT,0.000029,128
374,naif,0.000005,512
374,HAT,0.000027,128
375,naif,0.000005,512
375,HAT,0.000028,128
376,naif,0.000005,512
376,HAT,0.000028,128
377,naif,0.000006,512
377,HAT,0.000029,128
378,naif,0.000005,512
378,HAT,0.000029,128
379,naif,0.000006,512
379,HAT,0.000035,128
380,naif,0.000006,512
380,HAT,0.000029,128
381,naif,0.000006,512
381,HAT,0.000029,128
382,naif,0.000006,512
382,HAT,0.000029,128
383,naif,0.000006,512
383,HAT,0.000029,128
384,naif,0.000006,512
384,HAT,0.000029,128
385,naif,0.000006,512
385,HAT,0.000030,160
386,naif,0.000006,512
386,HAT,0.000030,160
387,naif,0.000006,512
387,HAT,0.000031,160
388,naif,0.000006,512
388,HAT,0.000030,160
389,naif,0.000006,512
389,HAT,0.000031,160
390,naif,0.000008,512
390,HAT,0.000030,160
391,naif,0.000006,512
391,HAT,0.000029,160
392,naif,0.000006,512
392,HAT,0.000030,160
393,naif,0.000005,512
393,HAT,0.000029,160
394,naif,0.000008,512
394,HAT,0.000034,160
395,naif,0.000005,512
395,HAT,0.000027,160
396,naif,0.000006,512
396,HAT,0.000031,160
397,naif,0.000007,512
397,HAT,0.000031,160
398,naif,0.000006,512
398,HAT,0.000030,160
399,naif,0.000008,512
399,HAT,0.000031,160
400,naif,0.000008,512
400,HAT,0.000035,160
401,naif,0.000008,512
401,HAT,0.000031,160
402,naif,0.000008,512
402,HAT,0.000035,160
403,naif,0.000016,512
403,HAT,0.000032,160
404,naif,0.000008,512
404,HAT,0.000023,160
405,naif,0.000004,512
405,HAT,0.000021,160
406,naif,0.000004,512
406,HAT,0.000033,160
407,naif,0.000009,512
407,HAT,0.000030,160
408,naif,0.000007,512
408,HAT,0.000026,160
409,naif,0.000008,512
409,HAT,0.000028,160
410,naif,0.000006,512
410,HAT,0.000026,160
411,naif,0.000007,512
411,HAT,0.000026,160
412,naif,0.000007,512
412,HAT,0.000026,160
413,naif,0.000007,512
413,HAT,0.000027,160
414,naif,0.000006,512
414,HAT,0.000027,160
415,naif,0.000007,512
415,HAT,0.000026,160
416,naif,0.000007,512
416,HAT,0.000026,160
417,naif,0.000007,512
417,HAT,0.000027,192
418,naif,0.000007,512
418,HAT,0.000027,192
419,naif,0.000007,512
419,HAT,0.000027,192
420,naif,0.000008,512
420,HAT,0.000026,192
421,naif,0.000008,512
421,HAT,0.000027,192
422,naif,0.000007,512
422,HAT,0.000027,192
423,naif,0.000007,512
423,HAT,0.000026,192
424,naif,0.000006,512
424,HAT,0.000026,192
425,naif,0.000007,512
425,HAT,0.000027,192
426,naif,0.000007,512
426,HAT,0.000027,192
427,naif,0.000006,512
427,HAT,0.000026,192
428,naif,0.000007,512
428,HAT,0.000027,192
429,naif,0.000007,512
429,HAT,0.000026,192
430,naif,0.000015,512
430,HAT,0.000025,192
431,naif,0.000005,512
431,HAT,0.000022,192
432,naif,0.000004,512
432,HAT,0.000022,192
433,naif,0.000004,512
433,HAT,0.000022,192
434,naif,0.000004,512
434,HAT,0.000022,192
435,naif,0.000004,512
435,HAT,0.000022,192
436,naif,0.000004,512
436,HAT,0.000022,192
437,naif,0.000004,512
437,HAT,0.000021,192
438,naif,0.000004,512
438,HAT,0.000022,192
439,naif,0.000004,512
439,HAT,0.000022,192
440,naif,0.000004,512
440,HAT,0.000022,192
441,naif,0.000005,512
441,HAT,0.000022,192
442,naif,0.000004,512
442,HAT,0.000023,192
443,naif,0.000004,512
443,HAT,0.000022,192
444,naif,0.000005,512
444,HAT,0.000022,192
445,naif,0.000004,512
445,HAT,0.000022,192
446,naif,0.000004,512
446,HAT,0.000022,192
447,naif,0.000004,512
447,HAT,0.000022,192
448,naif,0.000005,512
448,HAT,0.000024,192
449,naif,0.000004,512
449,HAT,0.000024,224
450,naif,0.000005,512
450,HAT,0.000024,224
451,naif,0.000004,512
451,HAT,0.000023,224
452,naif,0.000004,512
452,HAT,0.000023,224
453,naif,0.000004,512
453,HAT,0.000023,224
454,naif,0.000004,512
454,HAT,0.000023,224
455,naif,0.000004,512
455,HAT,0.000023,224
456,naif,0.000004,512
456,HAT,0.000023,224
457,naif,0.000004,512
457,HAT,0.000022,224
458,naif,0.000004,512
458,HAT,0.000022,224
459,naif,0.000005,512
459,HAT,0.000022,224
460,naif,0.000004,512
460,HAT,0.000023,224
461,naif,0.000004,512
461,HAT,0.000022,224
462,naif,0.000005,512
462,HAT,0.000023,224
463,naif,0.000004,512
463,HAT,0.000033,224
464,naif,0.000004,512
464,HAT,0.000024,224
465,naif,0.000004,512
465,HAT,0.000023,224
466,naif,0.000004,512
466,HAT,0.000022,224
467,naif,0.000005,512
467,HAT,0.000023,224
468,naif,0.000004,512
468,HAT,0.000024,224
469,naif,0.000005,512
469,HAT,0.000025,224
470,naif,0.000005,512
470,HAT,0.000024,224
471,naif,0.000005,512
471,HAT,0.000026,224
472,naif,0.000005,512
472,HAT,0.000025,224
473,naif,0.000005,512
473,HAT,0.000026,224
474,naif,0.000005,512
474,HAT,0.000026,224
475,naif,0.000006,512
475,HAT,0.000027,224
476,naif,0.000005,512
476,HAT,0.000027,224
477,naif,0.000006,512
477,HAT,0.000037,224
478,naif,0.000012,512
478,HAT,0.000025,224
479,naif,0.000005,512
479,HAT,0.000027,224
480,naif,0.000005,512
480,HAT,0.000027,224
481,naif,0.000005,512
481,HAT,0.000025,256
482,naif,0.000004,512
482,HAT,0.000025,256
483,naif,0.000005,512
483,HAT,0.000029,256
484,naif,0.000005,512
484,HAT,0.000027,256
485,naif,0.000005,512
485,HAT,0.000030,256
486,naif,0.000006,512
486,HAT,0.000027,256
487,naif,0.000006,512
487,HAT,0.000026,256
488,naif,0.000005,512
488,HAT,0.000026,256
489,naif,0.000006,512
489,HAT,0.000038,256
490,naif,0.000004,512
490,HAT,0.000025,256
491,naif,0.000005,512
491,HAT,0.000025,256
492,naif,0.000005,512
492,HAT,0.000025,256
493,naif,0.000005,512
493,HAT,0.000025,256
494,naif,0.000005,512
494,HAT,0.000024,256
495,naif,0.000005,512
495,HAT,0.000024,256
496,naif,0.000004,512
496,HAT,0.000023,256
497,naif,0.000005,512
497,HAT,0.000023,256
498,naif,0.000004,512
498,HAT,0.000024,256
499,naif,0.000004,512
499,HAT,0.000025,256
500,naif,0.000008,512
500,HAT,0.000028,256
501,naif,0.000005,512
501,HAT,0.000024,256
502,naif,0.000004,512
502,HAT,0.000027,256
503,naif,0.000004,512
503,HAT,0.000029,256
504,naif,0.000005,512
504,HAT,0.000025,256
505,naif,0.000004,512
505,HAT,0.000027,256
506,naif,0.000006,512
506,HAT,0.000031,256
507,naif,0.000005,512
507,HAT,0.000028,256
508,naif,0.000007,512
508,HAT,0.000028,256
509,naif,0.000005,512
509,HAT,0.000024,256
510,naif,0.000004,512
510,HAT,0.000024,256
511,naif,0.000005,512
511,HAT,0.000028,256
512,naif,0.000004,512
512,HAT,0.000024,256
513,naif,0.000013,1024
513,HAT,0.000024,288
514,naif,0.000004,1024
514,HAT,0.000024,288
515,naif,0.000005,1024
515,HAT,0.000024,288
516,naif,0.000004,1024
516,HAT,0.000038,288
517,naif,0.000007,1024
517,HAT,0.000024,288
518,naif,0.000005,1024
518,HAT,0.000024,288
519,naif,0.000004,1024
519,HAT,0.000024,288
520,naif,0.000005,1024
520,HAT,0.000024,288
521,naif,0.000005,1024
521,HAT,0.000024,288
522,naif,0.000005,1024
522,HAT,0.000025,288
523,naif,0.000004,1024
523,HAT,0.000024,288
524,naif,0.000005,1024
524,HAT,0.000025,288
525,naif,0.000005,1024
525,HAT,0.000024,288
526,naif,0.000005,1024
526,HAT,0.000025,288
527,naif,0.000005,1024
527,HAT,0.000025,288
528,naif,0.000004,1024
528,HAT,0.000024,288
529,naif,0.000005,1024
529,HAT,0.000025,288
530,naif,0.000005,1024
530,HAT,0.000024,288
531,naif,0.000005,1024
531,HAT,0.000024,288
532,naif,0.000005,1024
532,HAT,0.000025,288
533,naif,0.000004,1024
533,HAT,0.000024,288
534,naif,0.000005,1024
534,HAT,0.000025,288
535,naif,0.000005,1024
535,HAT,0.000025,288
536,naif,0.000005,1024
536,HAT,0.000025,288
537,naif,0.000005,1024
537,HAT,0.000025,288
538,naif,0.000005,1024
538,HAT,0.000025,288
539,naif,0.000005,1024
539,HAT,0.000025,288
540,naif,0.000005,1024
540,HAT,0.000025,288
541,naif,0.000005,1024
541,HAT,0.000025,288
542,naif,0.000005,1024
542,HAT,0.000025,288
543,naif,0.000005,1024
543,HAT,0.000025,288
544,naif,0.000005,1024
544,HAT,0.000025,288
545,naif,0.000005,1024
545,HAT,0.000025,320
546,naif,0.000005,1024
546,HAT,0.000025,320
547,naif,0.000005,1024
547,HAT,0.000031,320
548,naif,0.000005,1024
548,HAT,0.000025,320
549,naif,0.000005,1024
549,HAT,0.000026,320
550,naif,0.000004,1024
550,HAT,0.000025,320
551,naif,0.000005,1024
551,HAT,0.000025,320
552,naif,0.000005,1024
552,HAT,0.000026,320
553,naif,0.000005,1024
553,HAT,0.000025,320
554,naif,0.000005,1024
554,HAT,0.000026,320
555,naif,0.000005,1024
555,HAT,0.000025,320
556,naif,0.000005,1024
556,HAT,0.000026,320
557,naif,0.000005,1024
557,HAT,0.000025,320
558,naif,0.000005,1024
558,HAT,0.000025,320
559,naif,0.000005,1024
559,HAT,0.000025,320
560,naif,0.000005,1024
560,HAT,0.000025,320
561,naif,0.000005,1024
561,HAT,0.000026,320
562,naif,0.000005,1024
562,HAT,0.000026,320
563,naif,0.000005,1024
563,HAT,0.000026,320
564,naif,0.000005,1024
564,HAT,0.000026,320
565,naif,0.000005,1024
565,HAT,0.000026,320
566,naif,0.000005,1024
566,HAT,0.000025,320
567,naif,0.000005,1024
567,HAT,0.000025,320
568,naif,0.000005,1024
568,HAT,0.000025,320
569,naif,0.000005,1024
569,HAT,0.000026,320
570,naif,0.000005,1024
570,HAT,0.000026,320
571,naif,0.000005,1024
571,HAT,0.000025,320
572,naif,0.000005,1024
572,HAT,0.000026,320
573,naif,0.000005,1024
573,HAT,0.000026,320
574,naif,0.000005,1024
574,HAT,0.000025,320
575,naif,0.000005,1024
575,HAT,0.000025,320
576,naif,0.000006,1024
576,HAT,0.000026,320
577,naif,0.000005,1024
577,HAT,0.000032,352
578,naif,0.000007,1024
578,HAT,0.000027,352
579,naif,0.000005,1024
579,HAT,0.000026,352
580,naif,0.000005,1024
580,HAT,0.000026,352
581,naif,0.000005,1024
581,HAT,0.000026,352
582,naif,0.000005,1024
582,HAT,0.000026,352
583,naif,0.000005,1024
583,HAT,0.000026,352
584,naif,0.000005,1024
584,HAT,0.000027,352
585,naif,0.000005,1024
585,HAT,0.000026,352
586,naif,0.000005,1024
586,HAT,0.000026,352
587,naif,0.000005,1024
587,HAT,0.000026,352
588,naif,0.000005,1024
588,HAT,0.000026,352
589,naif,0.000005,1024
589,HAT,0.000026,352
590,naif,0.000005,1024
590,HAT,0.000026,352
591,naif,0.000005,1024
591,HAT,0.000026,352
592,naif,0.000005,1024
592,HAT,0.000027,352
593,naif,0.000005,1024
593,HAT,0.000026,352
594,naif,0.000006,1024
594,HAT,0.000026,352
595,naif,0.000005,1024
595,HAT,0.000026,352
596,naif,0.000005,1024
596,HAT,0.000027,352
597,naif,0.000005,1024
597,HAT,0.000027,352
598,naif,0.000005,1024
598,HAT,0.000027,352
599,naif,0.000005,1024
599,HAT,0.000026,352
600,naif,0.000006,1024
600,HAT,0.000026,352
601,naif,0.000006,1024
601,HAT,0.000026,352
602,naif,0.000006,1024
602,HAT,0.000026,352
603,naif,0.000005,1024
603,HAT,0.000027,352
604,naif,0.000005,1024
604,HAT,0.000027,352
605,naif,0.000005,1024
605,HAT,0.000027,352
606,naif,0.000005,1024
606,HAT,0.000034,352
607,naif,0.000005,1024
607,HAT,0.000028,352
608,naif,0.000005,1024
608,HAT,0.000027,352
609,naif,0.000005,1024
609,HAT,0.000026,384
610,naif,0.000006,1024
610,HAT,0.000027,384
611,naif,0.000005,1024
611,HAT,0.000027,384
612,naif,0.000005,1024
612,HAT,0.000026,384
613,naif,0.000006,1024
613,HAT,0.000027,384
614,naif,0.000005,1024
614,HAT,0.000028,384
615,naif,0.000005,1024
615,HAT,0.000027,384
616,naif,0.000006,1024
616,HAT,0.000027,384
617,naif,0.000006,1024
617,HAT,0.000027,384
618,naif,0.000005,1024
618,HAT,0.000030,384
619,naif,0.000005,1024
619,HAT,0.000027,384
620,naif,0.000005,1024
620,HAT,0.000027,384
621,naif,0.000005,1024
621,HAT,0.000027,384
622,naif,0.000005,1024
622,HAT,0.000027,384
623,naif,0.000006,1024
623,HAT,0.000027,384
624,naif,0.000005,1024
624,HAT,0.000027,384
625,naif,0.000006,1024
625,HAT,0.000027,384
626,naif,0.000006,1024
626,HAT,0.000027,384
627,naif,0.000005,1024
627,HAT,0.000027,384
628,naif,0.000006,1024
628,HAT,0.000027,384
629,naif,0.000006,1024
629,HAT,0.000027,384
630,naif,0.000006,1024
630,HAT,0.000027,384
631,naif,0.000006,1024
631,HAT,0.000027,384
632,naif,0.000005,1024
632,HAT,0.000027,384
633,naif,0.000005,1024
633,HAT,0.000027,384
634,naif,0.000006,1024
634,HAT,0.000030,384
635,naif,0.000006,1024
635,HAT,0.000028,384
636,naif,0.000005,1024
636,HAT,0.000028,384
637,naif,0.000006,1024
637,HAT,0.000028,384
638,naif,0.000005,1024
638,HAT,0.000028,384
639,naif,0.000006,1024
639,HAT,0.000028,384
640,naif,0.000005,1024
640,HAT,0.000027,384
641,naif,0.000006,1024
641,HAT,0.000027,416
642,naif,0.000006,1024
642,HAT,0.000028,416
643,naif,0.000006,1024
643,HAT,0.000027,416
644,naif,0.000006,1024
644,HAT,0.000028,416
645,naif,0.000005,1024
645,HAT,0.000028,416
646,naif,0.000005,1024
646,HAT,0.000027,416
647,naif,0.000006,1024
647,HAT,0.000028,416
648,naif,0.000006,1024
648,HAT,0.000028,416
649,naif,0.000005,1024
649,HAT,0.000028,416
650,naif,0.000006,1024
650,HAT,0.000028,416
651,naif,0.000006,1024
651,HAT,0.000028,416
652,naif,0.000006,1024
652,HAT,0.000028,416
653,naif,0.000006,1024
653,HAT,0.000028,416
654,naif,0.000006,1024
654,HAT,0.000028,416
655,naif,0.000005,1024
655,HAT,0.000028,416
656,naif,0.000006,1024
656,HAT,0.000028,416
657,naif,0.000006,1024
657,HAT,0.000028,416
658,naif,0.000006,1024
658,HAT,0.000028,416
659,naif,0.000006,1024
659,HAT,0.000028,416
660,naif,0.000006,1024
660,HAT,0.000028,416
661,naif,0.000006,1024
661,HAT,0.000028,416
662,naif,0.000006,1024
662,HAT,0.000035,416
663,naif,0.000005,1024
663,HAT,0.000028,416
664,naif,0.000006,1024
664,HAT,0.000028,416
665,naif,0.000005,1024
665,HAT,0.000029,416
666,naif,0.000006,1024
666,HAT,0.000028,416
667,naif,0.000006,1024
667,HAT,0.000029,416
668,naif,0.000005,1024
668,HAT,0.000028,416
669,naif,0.000006,1024
669,HAT,0.000028,416
670,naif,0.000006,1024
670,HAT,0.000029,416
671,naif,0.000005,1024
671,HAT,0.000028,416
672,naif,0.000006,1024
672,HAT,0.000028,416
673,naif,0.000005,1024
673,HAT,0.000028,448
674,naif,0.000006,1024
674,HAT,0.000029,448
675,naif,0.000005,1024
675,HAT,0.000028,448
676,naif,0.000006,1024
676,HAT,0.000029,448
677,naif,0.000006,1024
677,HAT,0.000028,448
678,naif,0.000006,1024
678,HAT,0.000029,448
679,naif,0.000006,1024
679,HAT,0.000029,448
680,naif,0.000005,1024
680,HAT,0.000028,448
681,naif,0.000006,1024
681,HAT,0.000029,448
682,naif,0.000006,1024
682,HAT,0.000029,448
683,naif,0.000006,1024
683,HAT,0.000029,448
684,naif,0.000006,1024
684,HAT,0.000029,448
685,naif,0.000005,1024
685,HAT,0.000029,448
686,naif,0.000006,1024
686,HAT,0.000029,448
687,naif,0.000005,1024
687,HAT,0.000029,448
688,naif,0.000005,1024
688,HAT,0.000029,448
689,naif,0.000005,1024
689,HAT,0.000032,448
690,naif,0.000006,1024
690,HAT,0.000029,448
691,naif,0.000006,1024
691,HAT,0.000029,448
692,naif,0.000006,1024
692,HAT,0.000029,448
693,naif,0.000006,1024
693,HAT,0.000030,448
694,naif,0.000006,1024
694,HAT,0.000029,448
695,naif,0.000006,1024
695,HAT,0.000029,448
696,naif,0.000006,1024
696,HAT,0.000029,448
697,naif,0.000006,1024
697,HAT,0.000029,448
698,naif,0.000006,1024
698,HAT,0.000030,448
699,naif,0.000005,1024
699,HAT,0.000029,448
700,naif,0.000006,1024
700,HAT,0.000029,448
701,naif,0.000006,1024
701,HAT,0.000029,448
702,naif,0.000006,1024
702,HAT,0.000029,448
703,naif,0.000006,1024
703,HAT,0.000030,448
704,naif,0.000006,1024
704,HAT,0.000030,448
705,naif,0.000005,1024
705,HAT,0.000029,480
706,naif,0.000006,1024
706,HAT,0.000029,480
707,naif,0.000006,1024
707,HAT,0.000030,480
708,naif,0.000006,1024
708,HAT,0.000030,480
709,naif,0.000006,1024
709,HAT,0.000030,480
710,naif,0.000006,1024
710,HAT,0.000030,480
711,naif,0.000006,1024
711,HAT,0.000030,480
712,naif,0.000006,1024
712,HAT,0.000030,480
713,naif,0.000006,1024
713,HAT,0.000030,480
714,naif,0.000006,1024
714,HAT,0.000030,480
715,naif,0.000006,1024
715,HAT,0.000030,480
716,naif,0.000006,1024
716,HAT,0.000033,480
717,naif,0.000006,1024
717,HAT,0.000029,480
718,naif,0.000006,1024
718,HAT,0.000029,480
719,naif,0.000007,1024
719,HAT,0.000030,480
720,naif,0.000006,1024
720,HAT,0.000030,480
721,naif,0.000006,1024
721,HAT,0.000030,480
722,naif,0.000006,1024
722,HAT,0.000030,480
723,naif,0.000006,1024
723,HAT,0.000029,480
724,naif,0.000007,1024
724,HAT,0.000030,480
725,naif,0.000006,1024
725,HAT,0.000030,480
726,naif,0.000006,1024
726,HAT,0.000030,480
727,naif,0.000006,1024
727,HAT,0.000029,480
728,naif,0.000006,1024
728,HAT,0.000030,480
729,naif,0.000006,1024
729,HAT,0.000030,480
730,naif,0.000007,1024
730,HAT,0.000030,480
731,naif,0.000006,1024
731,HAT,0.000030,480
732,naif,0.000006,1024
732,HAT,0.000030,480
733,naif,0.000006,1024
733,HAT,0.000030,480
734,naif,0.000006,1024
734,HAT,0.000030,480
735,naif,0.000006,1024
735,HAT,0.000030,480
736,naif,0.000006,1024
736,HAT,0.000030,480
737,naif,0.000006,1024
737,HAT,0.000030,512
738,naif,0.000007,1024
738,HAT,0.000030,512
739,naif,0.000007,1024
739,HAT,0.000030,512
740,naif,0.000007,1024
740,HAT,0.000030,512
741,naif,0.000007,1024
741,HAT,0.000031,512
742,naif,0.000008,1024
742,HAT,0.000031,512
743,naif,0.000006,1024
743,HAT,0.000031,512
744,naif,0.000006,1024
744,HAT,0.000031,512
745,naif,0.000006,1024
745,HAT,0.000031,512
746,naif,0.000006,1024
746,HAT,0.000031,512
747,naif,0.000006,1024
747,HAT,0.000031,512
748,naif,0.000006,1024
748,HAT,0.000031,512
749,naif,0.000007,1024
749,HAT,0.000031,512
750,naif,0.000006,1024
750,HAT,0.000031,512
751,naif,0.000006,1024
751,HAT,0.000031,512
752,naif,0.000007,1024
752,HAT,0.000031,512
753,naif,0.000007,1024
753,HAT,0.000030,512
754,naif,0.000007,1024
754,HAT,0.000031,512
755,naif,0.000006,1024
755,HAT,0.000031,512
756,naif,0.000006,1024
756,HAT,0.000030,512
757,naif,0.000007,1024
757,HAT,0.000031,512
758,naif,0.000006,1024
758,HAT,0.000031,512
759,naif,0.000007,1024
759,HAT,0.000031,512
760,naif,0.000006,1024
760,HAT,0.000031,512
761,naif,0.000006,1024
761,HAT,0.000030,512
762,naif,0.000006,1024
762,HAT,0.000031,512
763,naif,0.000006,1024
763,HAT,0.000031,512
764,naif,0.000006,1024
764,HAT,0.000031,512
765,naif,0.000006,1024
765,HAT,0.000031,512
766,naif,0.000007,1024
766,HAT,0.000031,512
767,naif,0.000007,1024
767,HAT,0.000038,512
768,naif,0.000007,1024
768,HAT,0.000031,512
769,naif,0.000007,1024
769,HAT,0.000032,544
770,naif,0.000006,1024
770,HAT,0.000031,544
771,naif,0.000006,1024
771,HAT,0.000031,544
772,naif,0.000006,1024
772,HAT,0.000032,544
773,naif,0.000006,1024
773,HAT,0.000031,544
774,naif,0.000006,1024
774,HAT,0.000031,544
775,naif,0.000006,1024
775,HAT,0.000031,544
776,naif,0.000007,1024
776,HAT,0.000031,544
777,naif,0.000007,1024
777,HAT,0.000032,544
778,naif,0.000007,1024
778,HAT,0.000031,544
779,naif,0.000007,1024
779,HAT,0.000031,544
780,naif,0.000007,1024
780,HAT,0.000032,544
781,naif,0.000007,1024
781,HAT,0.000031,544
782,naif,0.000007,1024
782,HAT,0.000032,544
783,naif,0.000006,1024
783,HAT,0.000032,544
784,naif,0.000007,1024
784,HAT,0.000031,544
785,naif,0.000007,1024
785,HAT,0.000032,544
786,naif,0.000006,1024
786,HAT,0.000032,544
787,naif,0.000006,1024
787,HAT,0.000032,544
788,naif,0.000007,1024
788,HAT,0.000031,544
789,naif,0.000007,1024
789,HAT,0.000032,544
790,naif,0.000007,1024
790,HAT,0.000032,544
791,naif,0.000006,1024
791,HAT,0.000034,544
792,naif,0.000007,1024
792,HAT,0.000031,544
793,naif,0.000006,1024
793,HAT,0.000032,544
794,naif,0.000006,1024
794,HAT,0.000031,544
795,naif,0.000007,1024
795,HAT,0.000032,544
796,naif,0.000007,1024
796,HAT,0.000032,544
797,naif,0.000007,1024
797,HAT,0.000075,544
798,naif,0.000007,1024
798,HAT,0.000032,544
799,naif,0.000007,1024
799,HAT,0.000032,544
800,naif,0.000007,1024
800,HAT,0.000032,544
801,naif,0.000007,1024
801,HAT,0.000032,576
802,naif,0.000007,1024
802,HAT,0.000032,576
803,naif,0.000007,1024
803,HAT,0.000032,576
804,naif,0.000007,1024
804,HAT,0.000032,576
805,naif,0.000007,1024
805,HAT,0.000032,576
806,naif,0.000007,1024
806,HAT,0.000032,576
807,naif,0.000007,1024
807,HAT,0.000032,576
808,naif,0.000006,1024
808,HAT,0.000032,576
809,naif,0.000007,1024
809,HAT,0.000032,576
810,naif,0.000007,1024
810,HAT,0.000032,576
811,naif,0.000007,1024
811,HAT,0.000032,576
812,naif,0.000007,1024
812,HAT,0.000033,576
813,naif,0.000007,1024
813,HAT,0.000032,576
814,naif,0.000007,1024
814,HAT,0.000032,576
815,naif,0.000010,1024
815,HAT,0.000032,576
816,naif,0.000007,1024
816,HAT,0.000032,576
817,naif,0.000007,1024
817,HAT,0.000033,576
818,naif,0.000006,1024
818,HAT,0.000032,576
819,naif,0.000007,1024
819,HAT,0.000032,576
820,naif,0.000007,1024
820,HAT,0.000033,576
821,naif,0.000007,1024
821,HAT,0.000032,576
822,naif,0.000007,1024
822,HAT,0.000033,576
823,naif,0.000007,1024
823,HAT,0.000033,576
824,naif,0.000006,1024
824,HAT,0.000032,576
825,naif,0.000007,1024
825,HAT,0.000033,576
826,naif,0.000007,1024
826,HAT,0.000033,576
827,naif,0.000007,1024
827,HAT,0.000033,576
828,naif,0.000007,1024
828,HAT,0.000033,576
829,naif,0.000007,1024
829,HAT,0.000033,576
830,naif,0.000007,1024
830,HAT,0.000033,576
831,naif,0.000008,1024
831,HAT,0.000033,576
832,naif,0.000006,1024
832,HAT,0.000033,576
833,naif,0.000007,1024
833,HAT,0.000033,608
834,naif,0.000007,1024
834,HAT,0.000033,608
835,naif,0.000007,1024
835,HAT,0.000033,608
836,naif,0.000007,1024
836,HAT,0.000033,608
837,naif,0.000007,1024
837,HAT,0.000033,608
838,naif,0.000007,1024
838,HAT,0.000036,608
839,naif,0.000007,1024
839,HAT,0.000033,608
840,naif,0.000007,1024
840,HAT,0.000034,608
841,naif,0.000006,1024
841,HAT,0.000033,608
842,naif,0.000007,1024
842,HAT,0.000034,608
843,naif,0.000007,1024
843,HAT,0.000033,608
844,naif,0.000007,1024
844,HAT,0.000033,608
845,naif,0.000007,1024
845,HAT,0.000033,608
846,naif,0.000007,1024
846,HAT,0.000033,608
847,naif,0.000007,1024
847,HAT,0.000033,608
848,naif,0.000007,1024
848,HAT,0.000034,608
849,naif,0.000007,1024
849,HAT,0.000034,608
850,naif,0.000007,1024
850,HAT,0.000034,608
851,naif,0.000007,1024
851,HAT,0.000033,608
852,naif,0.000007,1024
852,HAT,0.000033,608
853,naif,0.000007,1024
853,HAT,0.000033,608
854,naif,0.000007,1024
854,HAT,0.000033,608
855,naif,0.000007,1024
855,HAT,0.000034,608
856,naif,0.000007,1024
856,HAT,0.000034,608
857,naif,0.000007,1024
857,HAT,0.000034,608
858,naif,0.000007,1024
858,HAT,0.000033,608
859,naif,0.000007,1024
859,HAT,0.000033,608
860,naif,0.000008,1024
860,HAT,0.000033,608
861,naif,0.000007,1024
861,HAT,0.000033,608
862,naif,0.000009,1024
862,HAT,0.000034,608
863,naif,0.000007,1024
863,HAT,0.000034,608
864,naif,0.000007,1024
864,HAT,0.000034,608
865,naif,0.000007,1024
865,HAT,0.000033,640
866,naif,0.000010,1024
866,HAT,0.000033,640
867,naif,0.000008,1024
867,HAT,0.000034,640
868,naif,0.000007,1024
868,HAT,0.000034,640
869,naif,0.000007,1024
869,HAT,0.000034,640
870,naif,0.000007,1024
870,HAT,0.000034,640
871,naif,0.000007,1024
871,HAT,0.000034,640
872,naif,0.000007,1024
872,HAT,0.000034,640
873,naif,0.000007,1024
873,HAT,0.000033,640
874,naif,0.000008,1024
874,HAT,0.000034,640
875,naif,0.000007,1024
875,HAT,0.000035,640
876,naif,0.000007,1024
876,HAT,0.000034,640
877,naif,0.000008,1024
877,HAT,0.000034,640
878,naif,0.000007,1024
878,HAT,0.000034,640
879,naif,0.000007,1024
879,HAT,0.000034,640
880,naif,0.000007,1024
880,HAT,0.000035,640
881,naif,0.000007,1024
881,HAT,0.000034,640
882,naif,0.000007,1024
882,HAT,0.000034,640
883,naif,0.000008,1024
883,HAT,0.000034,640
884,naif,0.000007,1024
884,HAT,0.000037,640
885,naif,0.000007,1024
885,HAT,0.000034,640
886,naif,0.000007,1024
886,HAT,0.000034,640
887,naif,0.000007,1024
887,HAT,0.000034,640
888,naif,0.000008,1024
888,HAT,0.000034,640
889,naif,0.000007,1024
889,HAT,0.000034,640
890,naif,0.000008,1024
890,HAT,0.000035,640
891,naif,0.000007,1024
891,HAT,0.000035,640
892,naif,0.000008,1024
892,HAT,0.000034,640
893,naif,0.000008,1024
893,HAT,0.000034,640
894,naif,0.000008,1024
894,HAT,0.000035,640
895,naif,0.000007,1024
895,HAT,0.000034,640
896,naif,0.000007,1024
896,HAT,0.000035,640
897,naif,0.000007,1024
897,HAT,0.000035,672
898,naif,0.000007,1024
898,HAT,0.000035,672
899,naif,0.000007,1024
899,HAT,0.000035,672
900,naif,0.000007,1024
900,HAT,0.000035,672
901,naif,0.000007,1024
901,HAT,0.000034,672
902,naif,0.000008,1024
902,HAT,0.000035,672
903,naif,0.000007,1024
903,HAT,0.000035,672
904,naif,0.000008,1024
904,HAT,0.000035,672
905,naif,0.000008,1024
905,HAT,0.000035,672
906,naif,0.000007,1024
906,HAT,0.000036,672
907,naif,0.000007,1024
907,HAT,0.000038,672
908,naif,0.000007,1024
908,HAT,0.000035,672
909,naif,0.000007,1024
909,HAT,0.000034,672
910,naif,0.000008,1024
910,HAT,0.000035,672
911,naif,0.000007,1024
911,HAT,0.000035,672
912,naif,0.000008,1024
912,HAT,0.000035,672
913,naif,0.000007,1024
913,HAT,0.000035,672
914,naif,0.000007,1024
914,HAT,0.000035,672
915,naif,0.000008,1024
915,HAT,0.000035,672
916,naif,0.000007,1024
916,HAT,0.000035,672
917,naif,0.000007,1024
917,HAT,0.000035,672
918,naif,0.000007,1024
918,HAT,0.000035,672
919,naif,0.000008,1024
919,HAT,0.000035,672
920,naif,0.000008,1024
920,HAT,0.000035,672
921,naif,0.000008,1024
921,HAT,0.000035,672
922,naif,0.000008,1024
922,HAT,0.000035,672
923,naif,0.000008,1024
923,HAT,0.000036,672
924,naif,0.000007,1024
924,HAT,0.000036,672
925,naif,0.000007,1024
925,HAT,0.000035,672
926,naif,0.000007,1024
926,HAT,0.000035,672
927,naif,0.000008,1024
927,HAT,0.000035,672
928,naif,0.000008,1024
928,HAT,0.000035,672
929,naif,0.000008,1024
929,HAT,0.000038,704
930,naif,0.000008,1024
930,HAT,0.000036,704
931,naif,0.000007,1024
931,HAT,0.000035,704
932,naif,0.000008,1024
932,HAT,0.000036,704
933,naif,0.000007,1024
933,HAT,0.000035,704
934,naif,0.000008,1024
934,HAT,0.000036,704
935,naif,0.000007,1024
935,HAT,0.000036,704
936,naif,0.000008,1024
936,HAT,0.000036,704
937,naif,0.000008,1024
937,HAT,0.000036,704
938,naif,0.000008,1024
938,HAT,0.000036,704
939,naif,0.000007,1024
939,HAT,0.000035,704
940,naif,0.000008,1024
940,HAT,0.000036,704
941,naif,0.000008,1024
941,HAT,0.000036,704
942,naif,0.000007,1024
942,HAT,0.000035,704
943,naif,0.000008,1024
943,HAT,0.000037,704
944,naif,0.000007,1024
944,HAT,0.000036,704
945,naif,0.000008,1024
945,HAT,0.000036,704
946,naif,0.000008,1024
946,HAT,0.000036,704
947,naif,0.000008,1024
947,HAT,0.000036,704
948,naif,0.000008,1024
948,HAT,0.000036,704
949,naif,0.000008,1024
949,HAT,0.000036,704
950,naif,0.000008,1024
950,HAT,0.000036,704
951,naif,0.000008,1024
951,HAT,0.000038,704
952,naif,0.000008,1024
952,HAT,0.000036,704
953,naif,0.000008,1024
953,HAT,0.000036,704
954,naif,0.000008,1024
954,HAT,0.000036,704
955,naif,0.000008,1024
955,HAT,0.000036,704
956,naif,0.000008,1024
956,HAT,0.000037,704
957,naif,0.000007,1024
957,HAT,0.000036,704
958,naif,0.000008,1024
958,HAT,0.000037,704
959,naif,0.000007,1024
959,HAT,0.000036,704
960,naif,0.000007,1024
960,HAT,0.000036,704
961,naif,0.000008,1024
961,HAT,0.000036,736
962,naif,0.000008,1024
962,HAT,0.000037,736
963,naif,0.000007,1024
963,HAT,0.000036,736
964,naif,0.000008,1024
964,HAT,0.000036,736
965,naif,0.000008,1024
965,HAT,0.000036,736
966,naif,0.000009,1024
966,HAT,0.000036,736
967,naif,0.000008,1024
967,HAT,0.000037,736
968,naif,0.000008,1024
968,HAT,0.000036,736
969,naif,0.000008,1024
969,HAT,0.000036,736
970,naif,0.000008,1024
970,HAT,0.000037,736
971,naif,0.000008,1024
971,HAT,0.000037,736
972,naif,0.000008,1024
972,HAT,0.000039,736
973,naif,0.000008,1024
973,HAT,0.000037,736
974,naif,0.000008,1024
974,HAT,0.000037,736
975,naif,0.000008,1024
975,HAT,0.000037,736
976,naif,0.000007,1024
976,HAT,0.000037,736
977,naif,0.000008,1024
977,HAT,0.000037,736
978,naif,0.000007,1024
978,HAT,0.000037,736
979,naif,0.000008,1024
979,HAT,0.000037,736
980,naif,0.000008,1024
980,HAT,0.000037,736
981,naif,0.000008,1024
981,HAT,0.000036,736
982,naif,0.000008,1024
982,HAT,0.000037,736
983,naif,0.000007,1024
983,HAT,0.000037,736
984,naif,0.000008,1024
984,HAT,0.000037,736
985,naif,0.000008,1024
985,HAT,0.000037,736
986,naif,0.000008,1024
986,HAT,0.000037,736
987,naif,0.000008,1024
987,HAT,0.000037,736
988,naif,0.000009,1024
988,HAT,0.000037,736
989,naif,0.000008,1024
989,HAT,0.000037,736
990,naif,0.000008,1024
990,HAT,0.000037,736
991,naif,0.000008,1024
991,HAT,0.000037,736
992,naif,0.000008,1024
992,HAT,0.000037,736
993,naif,0.000008,1024
993,HAT,0.000040,768
994,naif,0.000008,1024
994,HAT,0.000038,768
995,naif,0.000008,1024
995,HAT,0.000037,768
996,naif,0.000008,1024
996,HAT,0.000037,768
997,naif,0.000008,1024
997,HAT,0.000038,768
998,naif,0.000008,1024
998,HAT,0.000037,768
999,naif,0.000008,1024
999,HAT,0.000037,768
